Date & Time,Customer ID,Product ID,Quantity Sold,Unit Price,Total Transaction Amount,Store ID
2023-01-01 09:16:52,C0853,P040,1,23.11,23.11,S003
2023-01-01 16:25:54,C0578,P042,5,72.3,361.49,S010
2023-01-01 19:29:23,C0011,P064,3,11.36,34.09,S002
2023-01-01 22:19:25,C0043,P013,2,49.08,98.16,S004
2023-01-01 22:22:54,C0009,P050,9,12.6,113.39,S009
2023-01-01 22:27:57,C0955,P090,4,55.24,220.95,S002
2023-01-02 08:23:13,C0613,P070,2,12.63,25.26,S004
2023-01-02 23:56:19,C0042,P009,9,88.28,794.5,S008
2023-01-03 07:52:06,C0443,P055,6,67.8,406.78,S002
2023-01-04 01:40:59,C0266,P022,7,58.01,406.08,S008
2023-01-04 05:55:15,C0572,P040,8,96.47,771.77,S006
2023-01-04 14:28:50,C0709,P062,5,67.53,337.65,S003
2023-01-05 06:27:19,C0077,P041,7,15.29,107.06,S006
2023-01-05 07:35:48,C0972,P048,2,53.33,106.65,S001
2023-01-05 16:50:02,C0101,P098,5,88.35,441.75,S002
2023-01-07 05:37:11,C0743,P059,4,19.2,76.81,S005
2023-01-07 17:50:08,C0488,P040,6,48.53,291.2,S005
2023-01-07 21:08:33,C0598,P089,5,48.69,243.45,S003
2023-01-08 02:27:12,C0493,P095,2,85.02,170.03,S003
2023-01-08 07:30:22,C0496,P027,2,84.92,169.84,S002
2023-01-08 11:20:07,C0738,P062,7,38.69,270.82,S010
2023-01-08 11:50:26,C0902,P099,3,82.64,247.93,S001
2023-01-08 21:03:27,C0815,P043,2,47.6,95.2,S006
2023-01-09 12:27:20,C0830,P065,4,97.28,389.14,S010
2023-01-09 19:31:55,C0943,P098,4,11.97,47.89,S006
2023-01-10 00:30:38,C0365,P069,4,87.82,351.27,S002
2023-01-10 01:15:23,C0383,P028,2,39.63,79.27,S005
2023-01-10 12:02:47,C0188,P092,9,64.44,579.97,S006
2023-01-10 19:04:36,C0312,P077,6,91.91,551.46,S006
2023-01-10 19:39:28,C0495,P020,9,2.71,24.37,S003
2023-01-11 11:07:56,C0261,P015,7,19.98,139.89,S001
2023-01-11 21:14:23,C0606,P041,4,33.79,135.17,S004
2023-01-12 02:11:29,C0264,P045,4,20.05,80.19,S008
2023-01-12 17:52:36,C0112,P043,3,3.82,11.45,S002
2023-01-12 21:25:51,C0778,P019,7,36.81,257.69,S005
2023-01-13 02:31:36,C0058,P029,7,47.09,329.66,S001
2023-01-13 07:52:13,C0734,P091,2,37.23,74.47,S001
2023-01-13 09:40:01,C0505,P014,9,26.03,234.27,S008
2023-01-13 22:09:32,C0112,P050,8,80.25,642.02,S009
2023-01-14 08:32:06,C0177,P028,4,49.53,198.12,S003
2023-01-14 09:09:27,C0151,P081,7,89.72,628.03,S009
2023-01-14 10:27:19,C0021,P077,5,81.15,405.77,S002
2023-01-15 00:42:27,C0058,P091,2,52.84,105.69,S009
2023-01-15 02:03:46,C0424,P066,8,91.43,731.47,S001
2023-01-16 02:14:33,C0771,P081,7,27.11,189.78,S001
2023-01-16 07:18:12,C0614,P018,7,91.07,637.51,S002
2023-01-16 21:44:11,C0243,P083,1,32.62,32.62,S005
2023-01-17 02:13:28,C0270,P037,2,57.77,115.54,S006
2023-01-18 03:18:49,C0638,P060,8,55.54,444.34,S004
2023-01-18 11:24:22,C0575,P054,2,28.31,56.63,S001
2023-01-19 04:54:09,C0547,P021,1,23.85,23.85,S010
2023-01-19 08:56:36,C0988,P084,4,7.66,30.65,S003
2023-01-19 13:34:42,C0376,P083,4,40.74,162.94,S002
2023-01-19 16:36:14,C0833,P099,5,43.07,215.34,S004
2023-01-20 21:18:55,C0914,P026,8,32.3,258.41,S006
2023-01-20 21:54:23,C0337,P064,3,13.5,40.51,S008
2023-01-20 23:36:50,C0098,P068,1,27.79,27.79,S010
2023-01-21 17:38:46,C0888,P033,8,97.65,781.17,S002
2023-01-22 00:32:03,C0388,P047,7,70.03,490.24,S007
2023-01-23 10:18:39,C0597,P092,5,56.69,283.45,S010
2023-01-24 00:42:13,C0567,P071,9,76.69,690.22,S002
2023-01-24 13:41:37,C0030,P020,5,99.78,498.92,S007
2023-01-25 02:35:45,C0254,P097,2,65.68,131.37,S001
2023-01-25 09:24:14,C0137,P072,4,62.43,249.73,S005
2023-01-26 03:47:52,C0410,P036,6,63.1,378.63,S008
2023-01-26 05:11:09,C0536,P055,4,24.83,99.31,S008
2023-01-26 14:40:00,C0005,P084,6,3.17,19.04,S002
2023-01-27 02:35:47,C0655,P032,3,96.68,290.03,S002
2023-01-28 01:15:16,C0373,P074,2,89.77,179.55,S006
2023-01-28 05:50:35,C0203,P080,6,87.89,527.34,S008
2023-01-28 16:10:11,C0307,P028,5,8.33,41.66,S004
2023-01-29 02:36:23,C0659,P035,7,63.13,441.93,S007
2023-01-29 12:30:18,C0422,P045,6,86.98,521.9,S010
2023-01-29 14:57:27,C0513,P068,1,17.71,17.71,S004
2023-01-30 01:19:16,C0546,P060,9,44.7,402.32,S007
2023-01-30 14:21:34,C0806,P006,9,91.67,825.0,S004
2023-01-30 14:47:31,C0342,P029,5,69.21,346.04,S001
2023-01-30 17:53:13,C0621,P042,5,13.15,65.76,S007
2023-01-31 03:26:13,C0945,P091,2,8.01,16.02,S007
2023-01-31 12:26:48,C0029,P013,9,20.99,188.88,S005
2023-01-31 13:23:54,C0795,P026,1,26.75,26.75,S004
2023-01-31 13:43:32,C0621,P042,3,82.28,246.84,S003
2023-01-31 17:34:11,C0109,P098,9,6.79,61.11,S007
2023-01-31 17:58:56,C0387,P024,2,87.71,175.41,S003
2023-02-01 14:30:25,C0434,P093,4,21.41,85.65,S007
2023-02-01 17:55:58,C0451,P094,4,71.92,287.68,S004
2023-02-01 21:01:44,C0044,P087,4,7.95,31.79,S001
2023-02-01 22:42:07,C0582,P085,3,8.09,24.26,S003
2023-02-02 13:36:52,C0032,P083,4,69.13,276.52,S009
2023-02-02 16:55:59,C0592,P067,8,74.05,592.37,S003
2023-02-02 19:35:14,C0672,P050,5,90.44,452.21,S005
2023-02-02 22:19:02,C0116,P037,4,45.55,182.22,S002
2023-02-02 23:46:50,C0844,P095,3,16.06,48.19,S006
2023-02-03 02:09:03,C0531,P056,6,52.61,315.66,S004
2023-02-03 08:49:37,C0685,P054,6,33.45,200.68,S003
2023-02-03 14:26:44,C0034,P076,1,89.46,89.46,S005
2023-02-04 04:23:29,C0826,P009,2,82.27,164.54,S008
2023-02-05 05:55:48,C0575,P046,8,98.09,784.71,S009
2023-02-05 14:00:33,C0048,P009,5,40.93,204.65,S004
2023-02-05 15:35:49,C0680,P003,2,78.84,157.68,S002
2023-02-05 21:26:12,C0256,P001,5,92.83,464.13,S007
2023-02-07 08:31:51,C0784,P093,4,76.43,305.74,S001
2023-02-07 08:43:37,C0346,P033,1,64.32,64.32,S006
2023-02-07 10:25:54,C0278,P010,9,21.2,190.8,S002
2023-02-07 19:33:40,C0139,P056,9,10.02,90.15,S008
2023-02-08 01:12:00,C0694,P022,3,92.85,278.54,S003
2023-02-08 01:42:34,C0678,P055,4,97.0,388.0,S008
2023-02-08 09:38:41,C0873,P018,2,22.1,44.21,S003
2023-02-08 12:16:11,C0187,P031,7,3.44,24.07,S003
2023-02-08 21:44:10,C0848,P030,4,63.49,253.94,S002
2023-02-09 16:25:55,C0264,P059,6,84.77,508.62,S007
2023-02-12 11:07:08,C0675,P100,7,8.56,59.89,S007
2023-02-13 00:48:51,C0166,P076,6,30.19,181.15,S004
2023-02-13 14:13:35,C0399,P091,1,24.62,24.62,S005
2023-02-14 01:54:42,C0887,P090,1,15.54,15.54,S004
2023-02-14 10:23:45,C0688,P070,4,48.42,193.68,S005
2023-02-14 10:57:58,C0941,P031,6,74.31,445.86,S007
2023-02-14 15:54:34,C0172,P018,4,8.83,35.33,S005
2023-02-15 00:39:02,C0572,P095,6,99.04,594.26,S001
2023-02-15 12:10:45,C0413,P029,6,2.98,17.87,S002
2023-02-15 15:02:06,C0318,P006,3,75.11,225.34,S010
2023-02-16 06:35:58,C0606,P049,5,5.96,29.78,S003
2023-02-16 10:48:06,C0974,P039,2,16.99,33.99,S006
2023-02-16 19:35:36,C0782,P045,6,91.68,550.06,S004
2023-02-17 19:02:42,C0084,P015,2,63.39,126.78,S007
2023-02-17 22:27:30,C0678,P004,4,25.42,101.69,S007
2023-02-18 02:29:06,C0473,P028,5,36.69,183.45,S008
2023-02-18 17:14:29,C0317,P093,4,54.96,219.84,S001
2023-02-18 17:20:40,C0876,P098,6,67.03,402.21,S007
2023-02-18 21:17:47,C0062,P016,6,59.37,356.22,S003
2023-02-19 04:16:46,C0304,P023,1,4.23,4.23,S006
2023-02-19 09:46:59,C0203,P016,7,25.45,178.14,S004
2023-02-19 11:18:57,C0495,P073,3,3.73,11.19,S003
2023-02-19 16:56:34,C0537,P061,4,76.61,306.44,S006
2023-02-19 19:05:47,C0956,P002,6,98.58,591.47,S009
2023-02-19 19:18:26,C0707,P033,6,14.01,84.06,S002
2023-02-20 03:29:01,C0955,P063,7,15.81,110.7,S010
2023-02-20 12:02:28,C0505,P082,6,54.69,328.15,S001
2023-02-20 13:45:39,C0873,P088,9,64.17,577.53,S003
2023-02-20 18:42:41,C0489,P066,4,26.43,105.7,S001
2023-02-21 00:17:22,C0370,P067,9,61.03,549.26,S004
2023-02-21 06:43:21,C0166,P009,3,58.09,174.26,S009
2023-02-21 10:13:48,C0208,P010,3,49.07,147.2,S001
2023-02-21 10:19:43,C0950,P006,6,9.08,54.5,S010
2023-02-21 10:26:40,C0949,P057,9,45.5,409.48,S008
2023-02-22 05:55:23,C0630,P077,7,31.31,219.19,S004
2023-02-22 07:25:57,C0799,P031,8,49.68,397.48,S008
2023-02-22 09:30:49,C0144,P059,6,26.4,158.38,S009
2023-02-22 11:08:44,C0907,P051,4,65.75,263.01,S006
2023-02-23 01:22:10,C0882,P007,8,11.41,91.31,S003
2023-02-23 07:47:29,C0687,P074,5,56.97,284.84,S003
2023-02-23 08:37:02,C0872,P088,6,11.13,66.78,S002
2023-02-23 22:37:30,C0345,P051,6,23.8,142.78,S003
2023-02-24 09:43:32,C0474,P006,9,56.64,509.8,S008
2023-02-24 21:23:25,C0163,P035,1,38.77,38.77,S004
2023-02-24 23:57:08,C0543,P086,4,17.96,71.83,S004
2023-02-25 17:49:43,C0589,P047,2,29.72,59.44,S004
2023-02-25 19:13:11,C0340,P072,6,97.49,584.93,S010
2023-02-26 12:29:28,C0143,P088,3,5.18,15.55,S007
2023-02-26 15:35:13,C0337,P064,6,40.71,244.27,S006
2023-02-27 03:53:48,C0547,P025,3,88.77,266.32,S006
2023-02-27 09:08:52,C0563,P057,9,61.53,553.78,S003
2023-02-27 10:45:15,C0232,P005,8,97.19,777.52,S004
2023-02-28 00:02:12,C0121,P058,7,2.65,18.53,S003
2023-02-28 00:12:55,C0519,P055,8,27.88,223.01,S008
2023-02-28 08:02:02,C0990,P002,5,97.75,488.76,S001
2023-02-28 17:13:29,C0913,P079,5,83.79,418.96,S006
2023-02-28 18:02:11,C0148,P081,1,31.49,31.49,S008
2023-03-01 08:03:35,C0478,P092,9,68.19,613.71,S002
2023-03-01 14:26:38,C0976,P029,2,28.67,57.33,S007
2023-03-01 15:18:35,C0765,P062,3,25.76,77.28,S005
2023-03-01 15:51:28,C0500,P089,2,52.3,104.61,S009
2023-03-02 05:17:36,C0974,P098,3,81.88,245.64,S001
2023-03-02 14:19:44,C0367,P061,2,5.62,11.25,S004
2023-03-03 05:03:06,C0776,P085,9,99.99,899.91,S010
2023-03-03 23:10:54,C0927,P090,5,58.61,293.03,S001
2023-03-04 02:22:39,C0686,P019,8,44.63,357.04,S002
2023-03-04 03:28:08,C0484,P082,6,63.17,379.02,S010
2023-03-04 05:29:14,C0067,P092,3,19.42,58.27,S008
2023-03-04 08:12:30,C0373,P088,3,92.6,277.8,S005
2023-03-04 10:07:54,C0736,P051,2,71.98,143.96,S007
2023-03-04 23:21:41,C0583,P085,8,22.4,179.23,S010
2023-03-05 06:54:49,C0090,P054,4,91.73,366.92,S005
2023-03-05 17:47:40,C0131,P010,1,37.07,37.07,S006
2023-03-05 23:15:59,C0082,P028,2,86.57,173.15,S007
2023-03-06 10:56:10,C0669,P034,6,36.48,218.9,S008
2023-03-06 11:51:14,C0698,P054,2,9.79,19.58,S004
2023-03-06 15:38:50,C0110,P028,2,76.01,152.02,S006
2023-03-06 16:49:46,C0619,P015,7,42.99,300.92,S004
2023-03-06 23:41:30,C0193,P041,7,43.16,302.1,S008
2023-03-07 01:54:11,C0091,P044,7,28.54,199.77,S010
2023-03-07 17:56:41,C0636,P027,1,81.69,81.69,S010
2023-03-07 22:20:58,C0299,P083,3,86.19,258.58,S004
2023-03-08 09:55:10,C0421,P055,1,44.09,44.09,S007
2023-03-08 11:32:06,C0125,P021,7,35.5,248.51,S008
2023-03-09 10:24:43,C0711,P076,7,5.92,41.47,S003
2023-03-09 14:11:16,C0647,P007,4,79.88,319.51,S001
2023-03-09 22:08:33,C0269,P092,5,24.1,120.51,S006
2023-03-11 02:09:49,C0466,P074,2,41.32,82.64,S002
2023-03-11 05:51:13,C0986,P089,9,63.21,568.93,S003
2023-03-11 07:03:32,C0540,P031,6,97.97,587.8,S002
2023-03-11 09:02:26,C0719,P063,8,4.26,34.06,S010
2023-03-12 13:36:40,C0563,P050,8,89.43,715.45,S009
2023-03-13 05:01:09,C0930,P084,3,38.82,116.45,S002
2023-03-13 05:10:49,C0969,P009,9,98.3,884.74,S006
2023-03-13 20:19:35,C0143,P041,6,57.26,343.56,S010
2023-03-14 05:41:10,C0340,P081,1,53.44,53.44,S010
2023-03-15 04:38:11,C0912,P067,5,29.47,147.36,S006
2023-03-17 18:39:59,C0681,P045,2,36.33,72.65,S010
2023-03-18 00:30:03,C0554,P018,5,86.11,430.53,S009
2023-03-18 08:34:41,C0471,P058,2,87.29,174.57,S002
2023-03-18 10:17:02,C0374,P046,6,95.13,570.81,S004
2023-03-18 22:19:22,C0011,P074,4,61.17,244.68,S002
2023-03-19 07:59:08,C0965,P093,8,55.48,443.82,S004
2023-03-19 12:42:03,C0336,P040,9,9.68,87.09,S006
2023-03-20 08:18:11,C0170,P058,2,7.65,15.3,S002
2023-03-20 08:46:41,C0335,P077,4,30.15,120.58,S007
2023-03-20 16:14:31,C0385,P072,7,31.61,221.3,S003
2023-03-21 16:18:48,C0362,P044,7,12.4,86.82,S005
2023-03-21 20:41:21,C0411,P013,8,88.62,708.94,S005
2023-03-22 04:12:00,C0068,P027,1,10.43,10.43,S010
2023-03-22 08:13:01,C0253,P093,8,90.8,726.36,S001
2023-03-22 21:30:33,C0056,P009,3,69.39,208.17,S006
2023-03-23 10:46:47,C0853,P038,5,16.38,81.9,S005
2023-03-23 12:23:19,C0995,P052,2,1.93,3.85,S009
2023-03-23 13:40:21,C0290,P007,1,53.92,53.92,S007
2023-03-24 08:08:00,C0656,P045,7,75.05,525.32,S003
2023-03-24 13:51:52,C0959,P049,7,50.23,351.64,S002
2023-03-24 19:05:06,C0373,P071,6,92.92,557.51,S001
2023-03-24 20:28:55,C0329,P075,9,94.11,846.95,S010
2023-03-25 15:36:36,C0054,P020,7,41.46,290.25,S007
2023-03-25 18:53:57,C0773,P087,4,6.52,26.07,S003
2023-03-26 01:54:22,C0135,P025,3,1.01,3.03,S010
2023-03-26 07:45:30,C0279,P088,1,80.74,80.74,S010
2023-03-26 17:29:12,C0877,P033,2,33.72,67.44,S010
2023-03-26 19:16:56,C0293,P011,3,45.39,136.18,S001
2023-03-27 00:06:55,C0509,P036,6,33.84,203.01,S008
2023-03-27 16:35:36,C0517,P032,1,38.1,38.1,S009
2023-03-27 19:16:06,C0150,P075,9,91.67,825.02,S007
2023-03-28 09:05:04,C0204,P023,1,24.65,24.65,S007
2023-03-28 09:10:33,C0809,P086,7,8.41,58.84,S008
2023-03-29 06:43:36,C0877,P015,9,65.97,593.75,S003
2023-03-29 23:12:06,C0583,P085,2,34.37,68.75,S010
2023-03-30 05:12:02,C0307,P098,4,24.43,97.7,S001
2023-03-30 10:47:45,C0621,P010,2,1.81,3.63,S007
2023-03-30 18:08:05,C0852,P077,3,22.58,67.74,S010
2023-03-30 21:01:31,C0696,P073,6,62.48,374.88,S007
2023-03-31 06:13:30,C0202,P021,2,54.58,109.17,S009
2023-04-01 05:18:11,C0021,P010,1,5.07,5.07,S003
2023-04-01 07:20:01,C0326,P080,9,31.79,286.1,S010
2023-04-01 08:43:49,C0669,P040,3,21.66,64.97,S004
2023-04-01 13:10:02,C0021,P077,5,84.64,423.18,S003
2023-04-01 16:47:36,C0871,P048,6,6.21,37.23,S008
2023-04-01 23:11:17,C0215,P070,8,13.58,108.62,S003
2023-04-02 12:23:00,C0652,P100,4,80.77,323.06,S002
2023-04-03 08:45:36,C0619,P006,8,85.05,680.39,S002
2023-04-03 08:54:47,C0719,P025,6,19.18,115.08,S005
2023-04-03 14:26:47,C0030,P099,4,33.57,134.27,S003
2023-04-04 02:55:44,C0856,P080,4,35.55,142.2,S002
2023-04-04 07:13:31,C0381,P072,2,9.2,18.4,S002
2023-04-04 19:28:21,C0411,P078,6,50.1,300.57,S003
2023-04-05 10:42:39,C0362,P039,3,59.16,177.48,S002
2023-04-05 10:47:06,C0966,P023,9,7.75,69.76,S006
2023-04-06 13:02:26,C0783,P065,4,21.12,84.49,S009
2023-04-06 15:35:07,C0362,P019,9,84.07,756.6,S005
2023-04-07 00:56:19,C0575,P075,6,41.79,250.75,S003
2023-04-07 10:35:57,C0917,P047,3,30.43,91.3,S003
2023-04-07 19:02:04,C0546,P011,2,89.76,179.51,S007
2023-04-08 08:11:53,C0649,P075,3,23.55,70.64,S007
2023-04-08 10:25:01,C0983,P076,9,39.43,354.83,S009
2023-04-09 04:35:47,C0839,P059,6,24.88,149.27,S002
2023-04-09 16:41:50,C0279,P012,2,24.3,48.6,S007
2023-04-09 21:36:54,C0553,P061,4,37.16,148.62,S004
2023-04-10 20:12:47,C0691,P090,3,98.62,295.86,S003
2023-04-10 23:37:39,C0352,P002,2,25.8,51.59,S002
2023-04-11 01:02:31,C0563,P098,4,86.53,346.11,S008
2023-04-11 08:05:09,C0240,P015,4,87.76,351.03,S004
2023-04-11 11:56:42,C0764,P005,2,84.19,168.38,S007
2023-04-12 01:26:16,C0543,P052,8,95.74,765.92,S004
2023-04-12 06:44:01,C0701,P044,9,39.74,357.69,S002
2023-04-12 13:45:21,C0958,P018,6,76.13,456.78,S006
2023-04-12 14:38:43,C0153,P072,4,4.12,16.49,S002
2023-04-13 06:46:40,C0200,P085,5,73.89,369.43,S010
2023-04-14 09:21:11,C0884,P088,9,29.41,264.67,S006
2023-04-14 14:42:14,C0233,P004,2,34.24,68.48,S006
2023-04-14 14:46:14,C0403,P007,7,86.32,604.22,S002
2023-04-14 20:40:31,C0913,P068,3,23.3,69.9,S010
2023-04-15 11:09:49,C0507,P093,8,61.01,488.07,S001
2023-04-16 06:22:44,C0134,P086,7,48.4,338.79,S004
2023-04-17 02:09:03,C0729,P044,1,79.26,79.26,S002
2023-04-17 22:09:10,C0545,P073,8,97.64,781.1,S001
2023-04-18 02:46:13,C0618,P065,3,7.5,22.49,S007
2023-04-18 06:56:20,C0835,P099,9,27.56,248.0,S006
2023-04-18 09:07:12,C0226,P002,2,26.48,52.96,S008
2023-04-18 12:39:24,C0464,P064,9,60.95,548.59,S007
2023-04-18 13:18:54,C0901,P081,2,20.34,40.68,S007
2023-04-20 19:10:36,C0066,P076,1,85.06,85.06,S004
2023-04-20 23:11:41,C0698,P089,9,18.29,164.62,S007
2023-04-21 11:53:49,C0590,P008,4,37.64,150.55,S009
2023-04-23 11:59:09,C0716,P006,4,98.32,393.26,S003
2023-04-23 12:30:38,C0447,P086,8,6.95,55.6,S005
2023-04-23 13:50:33,C0998,P024,6,90.34,542.07,S005
2023-04-24 03:34:53,C0387,P022,8,24.66,197.3,S003
2023-04-24 11:51:46,C0055,P014,7,38.23,267.63,S006
2023-04-24 15:20:00,C0409,P005,5,36.87,184.34,S004
2023-04-25 15:32:50,C0894,P049,6,93.69,562.13,S007
2023-04-27 06:51:57,C0424,P088,8,48.9,391.18,S007
2023-04-28 06:01:12,C0719,P081,7,33.77,236.41,S009
2023-04-28 08:25:41,C0842,P016,2,57.87,115.74,S006
2023-04-28 14:28:36,C0953,P009,2,63.28,126.56,S003
2023-04-30 02:07:51,C0512,P003,4,87.32,349.26,S005
2023-04-30 18:39:34,C0421,P033,8,27.42,219.34,S004
2023-05-01 02:51:19,C0578,P072,5,93.74,468.71,S007
2023-05-01 06:08:05,C0813,P024,2,86.75,173.5,S004
2023-05-01 10:34:40,C0961,P042,2,55.52,111.04,S010
2023-05-02 21:04:27,C0258,P027,6,96.8,580.82,S002
2023-05-02 22:10:48,C0617,P077,8,50.35,402.82,S004
2023-05-02 22:43:36,C0708,P063,4,91.87,367.47,S007
2023-05-03 03:59:57,C0390,P037,3,19.15,57.46,S009
2023-05-03 05:59:26,C0359,P010,9,17.1,153.94,S005
2023-05-03 09:34:45,C0243,P075,7,73.23,512.61,S006
2023-05-04 02:21:14,C0099,P092,1,54.04,54.04,S008
2023-05-04 02:27:40,C0359,P092,7,26.34,184.41,S001
2023-05-04 07:27:11,C0192,P044,1,81.87,81.87,S007
2023-05-04 08:13:40,C0279,P071,4,67.19,268.77,S003
2023-05-04 13:26:28,C0574,P084,8,87.87,702.98,S010
2023-05-05 05:39:52,C0792,P026,5,87.51,437.56,S010
2023-05-05 09:27:19,C0787,P026,6,38.53,231.2,S005
2023-05-05 13:43:19,C0165,P030,1,91.69,91.69,S002
2023-05-05 18:53:14,C0867,P042,7,12.39,86.7,S007
2023-05-06 05:14:00,C0387,P025,2,62.58,125.16,S007
2023-05-06 08:40:15,C0771,P062,1,38.81,38.81,S010
2023-05-06 11:55:11,C0323,P038,6,91.73,550.37,S009
2023-05-06 19:59:16,C0377,P072,1,43.25,43.25,S007
2023-05-07 07:17:10,C0797,P008,2,51.98,103.95,S004
2023-05-07 08:10:26,C0510,P042,1,94.56,94.56,S001
2023-05-07 12:53:53,C0841,P024,7,18.37,128.58,S003
2023-05-08 02:14:04,C0201,P048,8,66.57,532.59,S005
2023-05-08 09:56:08,C0135,P010,4,62.02,248.09,S004
2023-05-08 14:17:32,C0626,P077,2,48.75,97.5,S006
2023-05-09 02:14:02,C0608,P100,9,68.94,620.42,S009
2023-05-09 02:21:54,C0106,P022,4,79.7,318.78,S009
2023-05-09 04:33:07,C0382,P064,7,97.4,681.77,S010
2023-05-09 11:40:19,C0480,P015,9,70.89,638.05,S009
2023-05-10 15:17:42,C0276,P058,2,47.41,94.82,S002
2023-05-10 18:00:39,C0135,P078,1,40.7,40.7,S001
2023-05-11 09:12:53,C0265,P088,8,86.08,688.65,S010
2023-05-11 22:09:02,C0130,P073,2,17.3,34.6,S007
2023-05-12 03:57:33,C0219,P077,5,54.22,271.1,S005
2023-05-12 18:02:57,C0934,P012,8,36.36,290.91,S009
2023-05-12 18:27:05,C0679,P027,3,18.42,55.26,S001
2023-05-14 05:06:28,C0605,P061,6,31.76,190.56,S009
2023-05-14 15:18:18,C0359,P042,5,59.71,298.57,S008
2023-05-15 02:28:54,C0115,P013,4,70.27,281.1,S009
2023-05-15 08:39:50,C0521,P063,8,70.57,564.53,S009
2023-05-16 07:04:47,C0610,P057,8,86.91,695.24,S007
2023-05-16 21:40:02,C0807,P068,1,89.59,89.59,S007
2023-05-16 22:11:56,C0009,P049,6,94.65,567.88,S006
2023-05-16 23:55:33,C0734,P013,1,87.95,87.95,S010
2023-05-17 01:00:37,C0280,P032,4,98.07,392.26,S005
2023-05-17 03:46:23,C0421,P023,6,54.87,329.19,S007
2023-05-17 05:38:12,C0844,P037,8,54.52,436.2,S008
2023-05-17 07:38:06,C0070,P007,4,19.82,79.28,S001
2023-05-17 21:51:54,C0744,P003,1,95.63,95.63,S006
2023-05-18 13:37:20,C0265,P031,8,79.38,635.04,S010
2023-05-18 15:06:01,C0158,P016,3,27.09,81.26,S004
2023-05-19 11:27:15,C0352,P023,2,85.04,170.07,S009
2023-05-19 19:25:21,C0927,P046,6,41.11,246.65,S010
2023-05-20 20:50:22,C0513,P091,9,20.83,187.51,S002
2023-05-21 02:40:18,C0819,P021,8,73.3,586.36,S004
2023-05-21 10:33:03,C0483,P013,2,75.75,151.49,S003
2023-05-21 20:52:42,C0969,P037,2,97.33,194.67,S002
2023-05-22 11:48:44,C0448,P004,5,73.42,367.08,S009
2023-05-22 12:36:51,C0691,P032,6,2.73,16.4,S008
2023-05-22 19:14:12,C0556,P032,1,67.11,67.11,S009
2023-05-23 10:42:35,C0827,P027,3,6.08,18.23,S004
2023-05-23 11:15:14,C0342,P068,8,83.78,670.27,S009
2023-05-23 13:57:42,C0561,P033,7,74.89,524.21,S006
2023-05-24 09:32:28,C0924,P070,2,94.08,188.16,S009
2023-05-24 11:43:23,C0405,P042,1,86.53,86.53,S001
2023-05-25 06:39:44,C0194,P067,8,34.93,279.45,S001
2023-05-25 07:23:34,C0620,P059,1,88.22,88.22,S001
2023-05-25 21:25:30,C0633,P022,9,76.04,684.37,S004
2023-05-25 22:00:21,C0966,P056,1,5.17,5.17,S007
2023-05-25 23:56:51,C0111,P047,4,84.14,336.55,S005
2023-05-26 06:41:12,C0224,P061,5,3.35,16.74,S009
2023-05-26 07:05:48,C0231,P088,6,39.08,234.48,S001
2023-05-26 07:28:58,C0953,P074,3,98.83,296.49,S003
2023-05-26 09:02:22,C0538,P064,2,21.36,42.72,S009
2023-05-27 00:10:01,C0193,P066,3,37.02,111.07,S010
2023-05-27 13:42:41,C0192,P049,5,83.95,419.77,S002
2023-05-27 23:04:45,C0755,P074,4,28.38,113.52,S006
2023-05-28 05:03:06,C0399,P053,8,74.21,593.7,S002
2023-05-28 18:55:41,C0445,P058,6,58.35,350.07,S004
2023-05-28 19:15:34,C0124,P011,4,21.8,87.21,S006
2023-05-28 23:55:02,C0103,P056,8,32.15,257.19,S003
2023-05-29 10:34:18,C0415,P027,1,5.43,5.43,S009
2023-05-29 22:34:14,C0165,P098,3,1.17,3.52,S003
2023-05-30 16:54:11,C0333,P092,8,50.19,401.5,S009
2023-05-31 04:31:12,C0568,P054,5,5.72,28.59,S009
2023-05-31 07:03:24,C0053,P065,5,32.44,162.21,S001
2023-05-31 07:40:24,C0676,P044,4,97.49,389.95,S008
2023-05-31 18:05:44,C0353,P016,3,94.99,284.98,S003
2023-05-31 20:35:58,C0943,P058,6,25.13,150.79,S005
2023-05-31 20:55:58,C0053,P065,8,3.24,25.89,S002
2023-06-01 15:01:25,C0760,P015,2,41.82,83.64,S009
2023-06-02 11:40:28,C0529,P093,3,42.0,125.99,S004
2023-06-02 15:27:07,C0663,P099,7,14.24,99.68,S003
2023-06-03 09:06:41,C0103,P070,3,57.75,173.26,S005
2023-06-03 23:28:17,C0626,P056,1,54.92,54.92,S007
2023-06-04 00:10:19,C0493,P046,4,59.09,236.36,S004
2023-06-04 10:46:54,C0226,P079,3,49.67,149.02,S001
2023-06-05 07:12:47,C0605,P027,3,58.08,174.24,S006
2023-06-05 11:54:54,C0597,P035,6,38.63,231.79,S008
2023-06-06 07:29:11,C0923,P026,5,74.79,373.95,S009
2023-06-06 23:03:19,C0185,P054,8,76.99,615.9,S008
2023-06-08 02:22:03,C0679,P078,4,35.66,142.65,S008
2023-06-08 04:25:29,C0373,P096,5,42.81,214.03,S005
2023-06-08 04:42:22,C0723,P003,5,85.93,429.63,S006
2023-06-08 11:45:23,C0922,P028,8,44.81,358.48,S003
2023-06-08 14:03:28,C0593,P010,3,25.97,77.92,S004
2023-06-08 19:03:40,C0630,P092,5,20.35,101.75,S004
2023-06-09 06:00:05,C0070,P026,1,63.32,63.32,S006
2023-06-09 19:33:24,C0465,P051,2,96.8,193.6,S001
2023-06-09 19:53:21,C0943,P045,1,87.12,87.12,S002
2023-06-09 19:53:52,C0048,P066,1,80.5,80.5,S007
2023-06-09 21:58:09,C0257,P035,4,83.11,332.43,S009
2023-06-10 05:21:48,C0981,P030,9,84.96,764.61,S008
2023-06-10 05:43:46,C0804,P086,3,1.04,3.11,S002
2023-06-10 09:57:23,C0707,P014,9,65.41,588.65,S008
2023-06-10 10:29:52,C0271,P001,8,81.85,654.77,S010
2023-06-10 18:00:06,C0701,P092,4,25.93,103.73,S002
2023-06-10 23:44:51,C0959,P047,9,80.88,727.88,S009
2023-06-11 00:49:06,C0132,P025,1,49.57,49.57,S003
2023-06-11 02:01:58,C0545,P057,1,62.99,62.99,S009
2023-06-11 04:57:51,C0291,P049,1,17.43,17.43,S008
2023-06-11 04:58:26,C0478,P040,8,96.27,770.18,S001
2023-06-11 11:53:50,C0853,P087,8,42.68,341.46,S006
2023-06-11 12:54:20,C0683,P067,9,18.54,166.89,S010
2023-06-11 21:38:08,C0538,P024,6,7.51,45.04,S002
2023-06-12 03:45:10,C0360,P070,2,90.3,180.61,S006
2023-06-13 00:27:42,C0907,P024,2,39.65,79.29,S007
2023-06-13 10:17:42,C0939,P080,3,55.57,166.7,S010
2023-06-14 06:26:59,C0723,P085,2,12.58,25.17,S003
2023-06-14 08:01:57,C0505,P048,1,54.12,54.12,S006
2023-06-14 18:15:55,C0750,P005,5,57.76,288.82,S010
2023-06-14 18:30:07,C0926,P075,2,72.04,144.08,S003
2023-06-14 21:56:53,C0285,P019,9,58.44,525.95,S008
2023-06-15 11:24:14,C0258,P099,6,72.05,432.32,S007
2023-06-16 06:38:36,C0307,P063,5,22.12,110.59,S007
2023-06-16 19:12:46,C0118,P016,2,72.84,145.68,S008
2023-06-17 01:19:44,C0114,P070,4,97.28,389.12,S004
2023-06-17 02:55:15,C0314,P016,1,24.83,24.83,S010
2023-06-17 07:44:49,C0490,P037,8,47.65,381.18,S003
2023-06-17 08:12:14,C0704,P045,5,4.91,24.57,S006
2023-06-17 08:41:46,C0029,P045,6,79.96,479.75,S001
2023-06-17 09:41:40,C0224,P021,9,89.73,807.57,S005
2023-06-17 12:51:45,C0409,P082,4,75.32,301.26,S005
2023-06-17 13:43:57,C0507,P087,8,95.82,766.56,S004
2023-06-17 20:24:37,C0673,P089,4,41.71,166.85,S007
2023-06-18 02:22:43,C0372,P100,2,24.59,49.19,S008
2023-06-19 05:30:18,C0967,P085,3,9.51,28.54,S004
2023-06-19 06:58:54,C0493,P071,9,55.94,503.48,S006
2023-06-19 15:12:27,C0391,P022,8,96.0,768.0,S008
2023-06-19 18:42:09,C0731,P030,3,40.5,121.5,S004
2023-06-19 20:51:43,C0399,P019,5,24.64,123.22,S003
2023-06-20 08:18:49,C0034,P015,2,10.79,21.59,S010
2023-06-20 16:03:53,C0728,P008,3,55.56,166.68,S006
2023-06-21 06:35:14,C0252,P045,1,18.04,18.04,S004
2023-06-21 09:37:34,C0182,P087,7,59.31,415.15,S001
2023-06-21 17:19:54,C0328,P036,4,51.53,206.13,S005
2023-06-21 17:27:22,C0171,P026,9,70.25,632.24,S010
2023-06-22 17:49:39,C0710,P022,2,65.79,131.59,S006
2023-06-22 18:20:43,C0115,P088,2,27.18,54.35,S005
2023-06-22 21:00:19,C0200,P063,5,23.97,119.83,S007
2023-06-22 22:55:50,C0474,P082,4,11.78,47.11,S009
2023-06-23 07:31:43,C0947,P076,4,60.46,241.85,S008
2023-06-23 23:53:15,C0073,P067,2,11.81,23.62,S004
2023-06-25 12:10:05,C0609,P048,2,52.57,105.13,S003
2023-06-25 19:44:15,C0540,P081,7,68.05,476.37,S003
2023-06-26 00:09:46,C0517,P082,2,89.96,179.91,S009
2023-06-26 05:55:39,C0379,P033,2,33.41,66.82,S010
2023-06-27 13:06:38,C0520,P037,6,97.3,583.79,S006
2023-06-27 21:39:32,C0259,P022,1,11.24,11.24,S010
2023-06-27 22:30:59,C0706,P008,4,62.07,248.29,S003
2023-06-28 21:37:47,C0948,P041,5,9.34,46.72,S006
2023-06-28 22:17:17,C0956,P053,1,85.12,85.12,S005
2023-06-29 03:18:03,C0757,P003,4,38.09,152.37,S007
2023-06-29 06:08:05,C0103,P047,3,18.46,55.39,S004
2023-06-29 22:37:45,C0414,P073,2,19.5,39.0,S007
2023-06-30 04:18:51,C0415,P081,8,93.67,749.35,S008
2023-06-30 05:29:42,C0603,P088,8,3.29,26.35,S007
2023-06-30 06:42:51,C0590,P008,3,22.0,65.99,S006
2023-06-30 22:24:15,C0451,P040,9,54.82,493.34,S006
2023-07-01 01:56:11,C0496,P076,5,29.61,148.05,S005
2023-07-01 06:14:42,C0994,P030,2,7.98,15.96,S004
2023-07-02 00:40:24,C0549,P033,3,58.11,174.33,S001
2023-07-03 12:13:41,C0491,P023,6,65.89,395.35,S002
2023-07-03 14:40:09,C0586,P036,8,42.12,336.92,S007
2023-07-04 04:43:49,C0681,P002,9,97.74,879.64,S004
2023-07-04 08:39:09,C0904,P016,3,81.79,245.38,S007
2023-07-04 21:37:58,C0722,P099,3,37.9,113.69,S003
2023-07-04 23:42:47,C0765,P084,5,3.31,16.55,S005
2023-07-05 10:41:51,C0032,P023,2,19.61,39.22,S005
2023-07-05 13:50:27,C0064,P077,2,24.35,48.71,S010
2023-07-06 06:45:52,C0034,P097,8,12.45,99.58,S008
2023-07-06 21:46:54,C0701,P041,9,11.42,102.75,S002
2023-07-06 22:42:51,C0903,P019,2,30.18,60.35,S002
2023-07-06 22:45:47,C0648,P045,3,48.44,145.31,S007
2023-07-07 16:58:57,C0073,P073,7,31.1,217.73,S008
2023-07-07 17:31:27,C0488,P081,5,60.94,304.68,S004
2023-07-07 19:46:58,C0461,P040,9,7.8,70.16,S003
2023-07-08 17:22:13,C0876,P069,7,30.28,211.94,S009
2023-07-09 17:05:44,C0915,P075,3,19.07,57.21,S004
2023-07-10 03:21:26,C0622,P085,8,85.88,687.06,S009
2023-07-10 10:45:47,C0796,P091,9,6.28,56.56,S010
2023-07-10 19:08:09,C0879,P042,1,87.32,87.32,S001
2023-07-10 20:51:55,C0262,P082,7,89.94,629.6,S004
2023-07-10 21:55:01,C0477,P023,4,8.35,33.4,S006
2023-07-12 09:10:48,C0101,P021,4,74.28,297.12,S006
2023-07-12 22:16:07,C0317,P026,6,55.93,335.61,S008
2023-07-13 04:01:19,C0588,P038,6,25.26,151.53,S005
2023-07-13 07:35:21,C0120,P089,4,40.49,161.95,S004
2023-07-13 16:42:15,C0406,P032,2,29.68,59.35,S008
2023-07-13 18:22:10,C0128,P013,9,29.12,262.12,S006
2023-07-14 02:55:15,C0284,P073,2,25.98,51.96,S002
2023-07-14 05:33:30,C0526,P083,5,26.63,133.16,S002
2023-07-14 07:34:13,C0490,P032,8,96.15,769.23,S008
2023-07-14 10:25:53,C0240,P055,9,40.76,366.85,S001
2023-07-15 09:04:40,C0780,P044,5,16.69,83.46,S009
2023-07-15 20:47:58,C0645,P015,2,13.34,26.67,S005
2023-07-15 22:52:45,C0809,P069,1,15.06,15.06,S002
2023-07-17 15:49:47,C0975,P076,5,57.85,289.25,S009
2023-07-18 18:44:24,C0239,P079,9,26.49,238.41,S004
2023-07-19 13:10:33,C0989,P055,6,14.65,87.9,S008
2023-07-19 18:38:18,C0059,P066,8,81.73,653.81,S001
2023-07-19 23:03:12,C0112,P028,6,24.32,145.9,S006
2023-07-20 01:01:15,C0816,P096,1,14.14,14.14,S007
2023-07-21 05:49:33,C0978,P042,7,58.71,410.99,S006
2023-07-21 11:09:12,C0406,P044,8,19.72,157.75,S009
2023-07-21 18:32:52,C0779,P094,2,43.8,87.61,S009
2023-07-22 19:40:11,C0490,P093,8,65.58,524.63,S007
2023-07-22 23:14:31,C0042,P049,3,52.97,158.9,S001
2023-07-23 03:05:51,C0545,P032,1,77.91,77.91,S006
2023-07-23 23:34:19,C0741,P065,7,31.02,217.11,S010
2023-07-24 02:37:57,C0296,P096,9,62.47,562.22,S010
2023-07-24 22:59:10,C0293,P094,1,8.13,8.13,S002
2023-07-25 01:27:18,C0719,P005,8,67.45,539.56,S003
2023-07-25 03:41:32,C0812,P061,2,52.05,104.11,S006
2023-07-25 07:55:36,C0284,P066,3,82.66,247.98,S002
2023-07-26 03:26:45,C0453,P028,6,88.23,529.39,S003
2023-07-26 17:36:23,C0017,P045,8,23.23,185.86,S005
2023-07-27 12:15:02,C0770,P015,6,80.49,482.92,S007
2023-07-27 13:58:39,C0996,P015,7,74.7,522.93,S004
2023-07-28 04:31:27,C0064,P015,5,11.59,57.94,S005
2023-07-28 12:15:29,C0828,P053,2,65.85,131.7,S008
2023-07-28 13:22:15,C0507,P020,6,36.42,218.53,S002
2023-07-28 15:03:51,C0288,P050,5,60.47,302.33,S003
2023-07-28 20:44:51,C0134,P080,3,60.26,180.79,S004
2023-07-29 01:35:08,C0073,P058,1,96.29,96.29,S010
2023-07-29 21:59:58,C0155,P033,2,7.84,15.69,S010
2023-07-30 04:04:40,C0858,P023,8,87.77,702.15,S007
2023-07-30 04:50:28,C0749,P013,1,56.88,56.88,S006
2023-07-30 09:37:48,C0341,P041,9,83.33,749.96,S009
2023-07-30 16:48:24,C0859,P045,8,80.59,644.75,S001
2023-07-30 17:39:32,C0985,P073,7,50.68,354.78,S008
2023-07-30 19:35:08,C0692,P029,5,56.67,283.35,S004
2023-07-30 21:58:11,C0588,P079,1,80.34,80.34,S005
2023-07-31 00:13:59,C0803,P008,5,45.83,229.13,S008
2023-07-31 04:58:58,C0753,P045,9,39.77,357.9,S002
2023-07-31 09:25:00,C0636,P068,8,93.87,750.95,S001
2023-07-31 18:32:02,C0604,P059,4,35.02,140.07,S006
2023-08-01 13:23:42,C0454,P057,6,56.18,337.1,S003
2023-08-02 03:20:34,C0614,P026,1,46.8,46.8,S010
2023-08-02 09:02:24,C0061,P001,3,74.18,222.55,S005
2023-08-02 09:42:09,C0847,P013,9,67.81,610.28,S002
2023-08-02 09:43:32,C0945,P053,8,14.26,114.11,S003
2023-08-02 10:43:16,C0715,P035,1,77.31,77.31,S007
2023-08-03 00:05:37,C0188,P012,8,2.38,19.01,S002
2023-08-03 16:48:01,C0529,P037,2,75.66,151.32,S006
2023-08-04 16:40:01,C0512,P043,5,64.22,321.11,S002
2023-08-05 04:36:06,C0812,P084,7,22.99,160.9,S001
2023-08-05 13:11:55,C0775,P079,5,99.92,499.59,S001
2023-08-05 17:44:36,C0639,P021,3,96.91,290.73,S009
2023-08-05 20:44:22,C0060,P007,7,62.66,438.61,S001
2023-08-06 00:51:28,C0969,P099,8,13.67,109.36,S006
2023-08-06 09:57:52,C0374,P049,1,90.11,90.11,S001
2023-08-06 11:20:10,C0676,P054,4,10.64,42.55,S006
2023-08-06 16:08:41,C0116,P011,9,19.41,174.7,S006
2023-08-07 09:23:39,C0364,P074,7,33.98,237.85,S008
2023-08-07 14:50:49,C0234,P055,5,97.17,485.87,S008
2023-08-08 07:42:42,C0897,P027,8,95.51,764.07,S006
2023-08-08 12:52:48,C0413,P071,5,71.43,357.13,S009
2023-08-08 13:32:15,C0952,P089,9,13.34,120.05,S006
2023-08-08 17:26:13,C0448,P068,7,11.0,77.01,S010
2023-08-08 20:29:15,C0457,P014,4,63.58,254.32,S005
2023-08-09 18:57:48,C0148,P075,2,11.53,23.06,S007
2023-08-10 01:12:29,C0069,P070,6,60.87,365.23,S009
2023-08-10 07:17:35,C0332,P006,3,39.75,119.26,S005
2023-08-10 15:13:01,C0316,P078,8,27.87,223.0,S005
2023-08-11 00:59:27,C0274,P011,1,50.83,50.83,S002
2023-08-11 04:00:37,C0451,P034,3,33.26,99.79,S007
2023-08-12 03:14:57,C0369,P069,4,81.55,326.21,S008
2023-08-12 07:27:39,C0062,P085,6,48.34,290.03,S008
2023-08-12 12:04:48,C0577,P074,7,72.65,508.54,S004
2023-08-12 23:01:09,C0744,P074,8,24.76,198.12,S005
2023-08-13 09:02:05,C0957,P045,7,70.57,493.98,S005
2023-08-13 12:25:31,C0152,P039,3,82.27,246.82,S010
2023-08-13 13:51:13,C0506,P086,4,71.71,286.82,S006
2023-08-14 13:49:30,C0113,P066,4,64.55,258.21,S009
2023-08-14 18:32:42,C0393,P081,1,97.58,97.58,S002
2023-08-15 08:23:44,C0203,P023,5,33.15,165.73,S010
2023-08-15 12:09:06,C0407,P099,5,11.36,56.82,S007
2023-08-15 13:18:09,C0400,P035,4,87.53,350.12,S003
2023-08-15 16:27:23,C0597,P054,4,62.04,248.18,S005
2023-08-16 00:18:39,C0649,P006,1,43.15,43.15,S004
2023-08-16 06:35:20,C0964,P007,7,19.67,137.66,S009
2023-08-16 09:52:10,C0971,P005,1,97.03,97.03,S006
2023-08-16 19:13:18,C0287,P019,2,16.26,32.53,S001
2023-08-17 01:41:44,C0631,P048,3,59.23,177.7,S003
2023-08-18 11:52:19,C0953,P034,8,72.53,580.22,S010
2023-08-19 07:42:34,C0367,P091,7,12.0,83.97,S010
2023-08-19 11:08:53,C0576,P071,3,12.71,38.14,S002
2023-08-19 22:02:10,C0504,P053,8,77.2,617.58,S008
2023-08-20 13:03:26,C0231,P067,6,83.74,502.41,S002
2023-08-20 16:43:40,C0741,P082,8,80.18,641.42,S006
2023-08-21 17:50:05,C0057,P060,4,54.67,218.68,S005
2023-08-21 20:14:53,C0125,P028,2,97.11,194.22,S007
2023-08-22 00:03:03,C0067,P030,6,9.72,58.34,S002
2023-08-22 09:01:13,C0701,P004,6,31.01,186.07,S003
2023-08-22 10:46:22,C0557,P033,7,42.09,294.66,S001
2023-08-23 17:11:30,C0684,P071,1,84.73,84.73,S008
2023-08-24 01:35:44,C0506,P074,6,11.04,66.25,S010
2023-08-25 00:48:35,C0576,P061,7,45.86,321.03,S007
2023-08-25 18:39:49,C0133,P065,3,26.68,80.04,S006
2023-08-25 22:35:41,C0826,P089,2,16.89,33.79,S008
2023-08-27 04:30:15,C0532,P042,3,73.16,219.48,S008
2023-08-27 09:24:08,C0276,P031,3,51.79,155.37,S007
2023-08-27 11:59:26,C0411,P014,8,75.2,601.63,S001
2023-08-27 18:02:01,C0676,P053,7,40.85,285.92,S001
2023-08-27 18:51:09,C0391,P057,2,84.88,169.77,S006
2023-08-29 08:44:04,C0435,P055,4,38.84,155.36,S002
2023-08-29 14:40:32,C0720,P058,2,59.37,118.74,S005
2023-08-31 10:18:09,C0849,P090,7,56.15,393.04,S005
2023-08-31 10:47:05,C0586,P095,6,98.62,591.75,S010
2023-08-31 20:47:37,C0379,P037,2,46.02,92.05,S009
2023-08-31 22:05:43,C0562,P013,7,72.13,504.94,S006
2023-09-02 15:46:29,C0533,P024,2,39.08,78.16,S008
2023-09-02 21:26:39,C0249,P098,9,46.29,416.62,S004
2023-09-03 17:27:38,C0296,P050,2,4.15,8.3,S002
2023-09-03 19:35:06,C0114,P093,8,53.52,428.2,S005
2023-09-04 01:44:54,C0023,P045,6,5.13,30.77,S004
2023-09-05 00:47:10,C0147,P099,9,35.81,322.33,S004
2023-09-05 02:04:59,C0762,P035,1,67.59,67.59,S004
2023-09-05 20:15:28,C0349,P004,3,70.35,211.06,S006
2023-09-06 02:28:20,C0787,P070,2,14.61,29.21,S002
2023-09-06 05:13:55,C0021,P056,8,44.91,359.25,S007
2023-09-06 09:44:07,C0844,P009,8,28.57,228.6,S002
2023-09-06 17:20:02,C0443,P058,1,80.14,80.14,S003
2023-09-07 20:53:39,C0938,P015,3,75.14,225.42,S004
2023-09-07 22:34:45,C0631,P099,3,31.98,95.93,S001
2023-09-08 16:55:52,C0097,P049,3,12.69,38.08,S006
2023-09-08 19:59:34,C0768,P030,2,97.76,195.52,S004
2023-09-08 23:14:20,C0995,P058,1,65.35,65.35,S003
2023-09-09 06:30:33,C0931,P031,4,34.94,139.77,S003
2023-09-09 09:32:39,C0184,P090,8,37.3,298.4,S010
2023-09-09 13:33:13,C0775,P084,4,78.0,311.98,S008
2023-09-09 15:44:47,C0505,P056,2,6.49,12.98,S010
2023-09-09 18:03:00,C0537,P047,6,35.49,212.97,S006
2023-09-10 10:08:25,C0392,P086,4,17.63,70.51,S009
2023-09-10 14:20:59,C0766,P025,3,5.08,15.25,S008
2023-09-10 20:07:51,C0571,P047,3,37.13,111.39,S009
2023-09-11 00:42:13,C0899,P055,9,83.2,748.84,S009
2023-09-11 21:17:16,C0120,P084,8,62.57,500.56,S009
2023-09-12 10:23:01,C0047,P013,8,56.74,453.92,S006
2023-09-12 13:12:57,C0403,P081,3,59.96,179.88,S007
2023-09-13 13:07:49,C0810,P037,8,8.57,68.55,S003
2023-09-13 14:15:24,C0648,P042,7,14.23,99.62,S008
2023-09-13 16:09:12,C0690,P029,2,50.59,101.19,S005
2023-09-14 07:36:22,C0523,P066,2,82.47,164.94,S010
2023-09-14 19:37:47,C0761,P008,6,89.81,538.88,S001
2023-09-15 00:57:11,C0847,P010,8,46.41,371.3,S004
2023-09-15 10:25:16,C0756,P002,1,89.64,89.64,S010
2023-09-15 18:50:15,C0006,P068,9,48.31,434.79,S004
2023-09-16 10:34:00,C0395,P095,2,6.53,13.07,S001
2023-09-16 12:53:36,C0719,P045,8,70.54,564.36,S008
2023-09-16 17:03:48,C0145,P033,7,16.24,113.68,S001
2023-09-17 08:38:31,C0579,P055,8,12.74,101.89,S010
2023-09-17 10:05:43,C0145,P073,2,17.07,34.14,S002
2023-09-17 11:00:04,C0738,P061,4,58.48,233.9,S001
2023-09-17 13:19:59,C0074,P064,5,79.27,396.35,S001
2023-09-18 04:30:37,C0521,P015,6,28.18,169.06,S009
2023-09-18 05:54:14,C0315,P056,6,1.21,7.28,S002
2023-09-18 14:54:09,C0445,P099,1,53.8,53.8,S006
2023-09-18 17:29:59,C0432,P053,2,36.11,72.22,S001
2023-09-19 01:23:04,C0960,P050,3,38.56,115.67,S010
2023-09-19 02:07:45,C0539,P022,9,75.16,676.48,S009
2023-09-19 03:38:51,C0500,P021,6,81.3,487.82,S009
2023-09-19 23:22:39,C0158,P094,7,45.65,319.56,S005
2023-09-20 07:50:37,C0751,P068,4,98.53,394.12,S008
2023-09-20 09:24:29,C0666,P076,4,82.45,329.79,S002
2023-09-20 13:53:36,C0654,P097,8,40.41,323.3,S004
2023-09-20 13:53:54,C0877,P013,7,74.58,522.03,S007
2023-09-21 00:26:49,C0681,P036,4,35.04,140.17,S002
2023-09-21 03:21:12,C0912,P024,4,20.94,83.76,S002
2023-09-21 07:52:13,C0805,P020,2,8.6,17.2,S005
2023-09-21 09:17:32,C0103,P062,4,34.71,138.86,S006
2023-09-22 02:59:22,C0578,P036,2,56.55,113.11,S001
2023-09-22 13:32:18,C0609,P094,8,36.23,289.82,S004
2023-09-22 19:25:16,C0869,P092,9,72.42,651.75,S006
2023-09-22 23:20:32,C0330,P012,6,87.41,524.46,S010
2023-09-23 05:02:23,C0416,P087,7,18.62,130.32,S009
2023-09-23 07:41:47,C0738,P047,7,69.94,489.56,S006
2023-09-23 10:39:00,C0106,P059,5,54.49,272.46,S008
2023-09-23 12:04:35,C0095,P023,8,49.65,397.21,S006
2023-09-23 18:06:10,C0632,P052,6,56.75,340.47,S008
2023-09-23 18:17:31,C0308,P045,4,7.8,31.21,S009
2023-09-23 20:22:56,C0287,P030,5,39.71,198.53,S004
2023-09-23 23:25:05,C0318,P072,6,2.87,17.25,S003
2023-09-24 02:51:57,C0243,P061,2,50.95,101.91,S010
2023-09-24 07:14:52,C0992,P066,6,9.06,54.38,S006
2023-09-25 00:08:01,C0416,P082,6,94.52,567.13,S003
2023-09-25 16:51:15,C0955,P079,1,68.72,68.72,S001
2023-09-25 21:00:02,C0504,P043,5,6.97,34.84,S001
2023-09-26 00:08:46,C0734,P071,6,12.45,74.7,S001
2023-09-26 01:20:08,C0491,P062,5,44.71,223.57,S002
2023-09-26 17:04:55,C0481,P025,4,31.34,125.36,S005
2023-09-26 22:31:58,C0382,P016,6,92.73,556.37,S008
2023-09-27 15:45:17,C0477,P053,3,78.28,234.83,S003
2023-09-28 10:50:29,C0733,P097,6,32.98,197.85,S009
2023-09-28 12:51:58,C0034,P062,7,98.79,691.53,S005
2023-09-28 14:42:38,C0942,P076,4,60.25,240.99,S007
2023-09-29 08:43:18,C0511,P008,1,38.99,38.99,S002
2023-10-01 00:24:05,C0334,P064,3,38.33,115.0,S004
2023-10-01 07:50:34,C0041,P026,8,71.88,575.08,S001
2023-10-01 10:39:15,C0328,P085,1,9.46,9.46,S004
2023-10-02 19:24:59,C0591,P010,3,44.41,133.23,S010
2023-10-03 13:10:21,C0917,P098,4,43.23,172.94,S006
2023-10-03 13:12:44,C0092,P065,2,38.96,77.91,S006
2023-10-03 22:43:46,C0518,P088,6,54.06,324.35,S002
2023-10-03 23:03:15,C0092,P060,5,18.19,90.97,S003
2023-10-04 12:33:51,C0214,P055,7,4.39,30.73,S002
2023-10-04 19:13:45,C0338,P012,4,77.67,310.68,S003
2023-10-04 21:16:39,C0790,P017,1,84.83,84.83,S008
2023-10-05 02:07:54,C0774,P083,4,53.69,214.77,S001
2023-10-05 05:49:39,C0324,P081,6,44.03,264.19,S010
2023-10-05 20:59:25,C0197,P061,4,41.56,166.22,S003
2023-10-06 00:25:45,C0492,P038,2,52.25,104.5,S006
2023-10-06 11:42:44,C0227,P033,7,62.68,438.74,S007
2023-10-06 15:36:53,C0058,P021,9,19.05,171.42,S010
2023-10-06 15:55:39,C0086,P074,3,75.52,226.57,S001
2023-10-07 23:17:47,C0296,P061,7,64.42,450.94,S009
2023-10-08 09:04:48,C0470,P082,4,62.78,251.12,S007
2023-10-08 18:45:40,C0050,P082,7,1.31,9.14,S001
2023-10-09 02:49:19,C0955,P059,2,99.54,199.08,S008
2023-10-09 04:24:01,C0930,P008,3,99.95,299.86,S005
2023-10-09 04:54:06,C0978,P083,8,15.95,127.57,S006
2023-10-10 02:21:43,C0312,P061,3,87.42,262.25,S003
2023-10-10 21:17:37,C0349,P044,9,51.2,460.82,S009
2023-10-10 22:07:32,C0085,P084,8,20.97,167.75,S010
2023-10-11 10:31:42,C0701,P089,6,88.19,529.12,S005
2023-10-11 12:04:35,C0222,P020,7,87.54,612.81,S001
2023-10-11 12:59:39,C0492,P023,7,3.09,21.61,S008
2023-10-11 21:21:44,C0489,P059,5,67.1,335.5,S004
2023-10-11 23:58:21,C0345,P056,1,42.61,42.61,S007
2023-10-12 04:25:45,C0208,P021,2,65.9,131.8,S001
2023-10-13 08:43:39,C0736,P051,1,63.08,63.08,S010
2023-10-13 19:17:05,C0683,P100,6,35.08,210.49,S001
2023-10-13 23:33:18,C0354,P033,7,73.81,516.67,S002
2023-10-14 15:35:17,C0709,P044,4,96.46,385.86,S006
2023-10-14 18:07:10,C0273,P097,3,96.06,288.18,S009
2023-10-14 19:15:45,C0551,P085,4,63.13,252.51,S006
2023-10-15 13:50:20,C0681,P013,1,29.85,29.85,S010
2023-10-15 17:24:26,C0665,P043,9,41.84,376.6,S009
2023-10-15 19:16:39,C0032,P092,3,87.32,261.96,S009
2023-10-16 03:27:17,C0349,P073,6,23.49,140.92,S010
2023-10-16 05:21:31,C0208,P011,1,33.29,33.29,S001
2023-10-16 08:30:54,C0949,P035,4,8.46,33.82,S008
2023-10-17 12:04:17,C0290,P080,8,61.7,493.63,S010
2023-10-18 00:38:21,C0577,P081,6,84.53,507.17,S004
2023-10-18 04:57:59,C0614,P047,7,91.9,643.31,S010
2023-10-19 00:25:31,C0413,P085,4,50.73,202.92,S005
2023-10-19 16:22:30,C0738,P093,2,28.63,57.25,S005
2023-10-20 04:29:37,C0396,P021,2,74.32,148.63,S008
2023-10-20 04:46:07,C0571,P092,7,24.65,172.55,S006
2023-10-20 09:53:31,C0996,P073,6,91.95,551.69,S002
2023-10-20 11:14:42,C0195,P041,7,40.54,283.81,S001
2023-10-20 15:07:03,C0092,P034,5,18.25,91.23,S004
2023-10-21 05:30:49,C0487,P055,8,86.01,688.06,S009
2023-10-21 08:55:05,C0593,P095,2,65.3,130.61,S007
2023-10-21 17:34:39,C0503,P067,1,40.25,40.25,S003
2023-10-22 02:18:05,C0686,P092,8,47.53,380.26,S005
2023-10-22 05:58:56,C0368,P069,4,63.45,253.79,S004
2023-10-24 06:00:36,C0069,P070,2,91.69,183.39,S008
2023-10-24 22:23:28,C0682,P004,7,20.79,145.55,S010
2023-10-25 06:00:59,C0774,P023,6,21.11,126.63,S006
2023-10-25 13:05:19,C0304,P096,1,67.96,67.96,S009
2023-10-25 17:19:32,C0702,P085,7,33.4,233.83,S005
2023-10-27 06:07:41,C0279,P072,2,19.73,39.46,S008
2023-10-27 06:31:34,C0347,P095,6,24.32,145.93,S002
2023-10-27 07:37:35,C0520,P030,1,75.07,75.07,S008
2023-10-28 01:05:54,C0106,P028,6,45.99,275.92,S006
2023-10-28 02:48:12,C0009,P076,9,73.5,661.54,S005
2023-10-28 09:10:06,C0287,P079,5,88.31,441.57,S005
2023-10-28 13:50:42,C0410,P007,8,90.91,727.28,S001
2023-10-28 17:02:32,C0492,P009,8,84.05,672.38,S010
2023-10-29 11:06:36,C0552,P079,5,11.89,59.44,S002
2023-10-29 15:58:56,C0572,P085,8,41.76,334.08,S008
2023-10-30 06:16:56,C0917,P071,7,43.72,306.05,S009
2023-10-30 08:11:01,C0613,P024,4,3.28,13.12,S007
2023-10-30 11:41:13,C0786,P002,5,49.76,248.78,S005
2023-10-31 00:16:27,C0898,P067,4,97.42,389.7,S006
2023-10-31 10:32:38,C0411,P060,6,85.04,510.24,S005
2023-10-31 16:29:09,C0804,P043,1,20.66,20.66,S005
2023-11-01 08:08:35,C0223,P027,1,35.76,35.76,S009
2023-11-01 15:12:17,C0311,P092,4,40.67,162.68,S010
2023-11-01 15:17:35,C0751,P045,7,51.12,357.84,S005
2023-11-01 18:23:50,C0464,P093,4,20.65,82.59,S004
2023-11-01 22:36:51,C0654,P001,6,98.48,590.88,S006
2023-11-01 22:37:57,C0152,P005,2,7.19,14.39,S010
2023-11-02 01:07:46,C0509,P033,8,45.88,367.06,S002
2023-11-02 04:07:24,C0677,P081,6,73.73,442.41,S010
2023-11-02 08:59:42,C0580,P021,2,56.43,112.86,S005
2023-11-02 11:47:32,C0688,P097,9,39.88,358.93,S003
2023-11-02 14:29:31,C0755,P074,7,56.37,394.56,S007
2023-11-02 16:24:18,C0947,P056,8,52.67,421.36,S003
2023-11-03 06:22:02,C0738,P089,9,40.91,368.19,S008
2023-11-03 12:27:11,C0720,P009,4,31.97,127.87,S004
2023-11-03 13:51:07,C0690,P054,9,86.33,776.99,S010
2023-11-03 16:29:07,C0724,P093,3,85.02,255.06,S001
2023-11-04 05:26:53,C0707,P054,3,26.93,80.79,S004
2023-11-04 21:51:42,C0659,P076,5,77.05,385.23,S009
2023-11-05 04:01:47,C0341,P033,2,7.49,14.99,S002
2023-11-05 08:47:55,C0120,P083,6,63.43,380.61,S005
2023-11-06 12:54:11,C0213,P023,4,32.96,131.83,S006
2023-11-06 19:28:04,C0900,P077,2,49.53,99.06,S004
2023-11-07 04:00:21,C0284,P055,6,39.44,236.67,S008
2023-11-07 08:51:40,C0571,P003,9,46.82,421.36,S005
2023-11-07 18:55:16,C0913,P091,9,67.1,603.88,S006
2023-11-07 19:49:27,C0984,P048,7,30.73,215.14,S009
2023-11-08 08:27:02,C0551,P090,4,95.25,380.99,S003
2023-11-08 21:49:24,C0540,P093,5,16.22,81.09,S003
2023-11-09 00:51:29,C0571,P080,5,16.19,80.96,S003
2023-11-09 14:43:35,C0907,P089,9,43.72,393.5,S001
2023-11-09 21:56:40,C0459,P093,1,75.55,75.55,S005
2023-11-10 00:45:57,C0608,P074,3,74.02,222.07,S010
2023-11-10 04:59:27,C0391,P013,6,19.32,115.92,S010
2023-11-10 06:14:12,C0131,P005,6,36.32,217.94,S010
2023-11-10 12:27:12,C0900,P079,2,62.46,124.92,S009
2023-11-10 13:44:39,C0945,P070,8,45.34,362.7,S003
2023-11-10 20:57:03,C0533,P018,7,29.04,203.27,S007
2023-11-10 21:33:06,C0079,P075,8,21.23,169.88,S004
2023-11-11 10:45:34,C0906,P055,8,46.72,373.74,S008
2023-11-11 16:48:56,C0880,P042,6,71.86,431.18,S009
2023-11-11 20:35:11,C0777,P092,5,57.99,289.97,S006
2023-11-12 06:32:16,C0264,P030,4,85.02,340.09,S004
2023-11-12 18:55:01,C0149,P058,1,97.98,97.98,S002
2023-11-13 03:26:52,C0609,P087,5,94.94,474.68,S009
2023-11-14 01:38:54,C0974,P065,7,28.14,196.97,S004
2023-11-14 14:24:36,C0174,P011,8,40.03,320.27,S001
2023-11-15 03:30:17,C0112,P028,5,86.17,430.83,S010
2023-11-15 10:52:01,C0119,P024,2,41.58,83.15,S005
2023-11-16 00:57:19,C0516,P074,4,70.17,280.67,S008
2023-11-16 14:33:41,C0174,P027,5,66.06,330.31,S007
2023-11-17 05:59:36,C0672,P088,5,20.15,100.75,S010
2023-11-17 06:16:05,C0463,P067,1,56.27,56.27,S007
2023-11-17 20:48:52,C0773,P066,8,73.93,591.45,S006
2023-11-18 08:07:37,C0201,P052,6,3.3,19.78,S006
2023-11-19 03:43:55,C0849,P044,5,35.33,176.66,S006
2023-11-19 11:45:01,C0160,P057,5,41.4,207.02,S007
2023-11-20 06:15:03,C0323,P061,1,27.65,27.65,S002
2023-11-20 20:37:19,C0372,P077,5,73.47,367.37,S004
2023-11-21 10:00:12,C0294,P035,8,21.75,173.99,S001
2023-11-21 15:52:05,C0599,P095,6,40.78,244.68,S009
2023-11-21 19:09:10,C0182,P097,6,35.45,212.69,S005
2023-11-21 19:32:53,C0806,P038,4,10.0,40.01,S008
2023-11-22 04:29:55,C0720,P074,2,83.98,167.97,S004
2023-11-22 20:05:08,C0721,P057,1,98.94,98.94,S010
2023-11-22 21:29:15,C0989,P090,5,29.84,149.22,S002
2023-11-23 00:27:40,C0971,P076,7,60.76,425.29,S004
2023-11-23 00:44:04,C0942,P031,4,28.07,112.26,S009
2023-11-23 06:00:22,C0588,P071,1,40.57,40.57,S006
2023-11-23 12:32:50,C0963,P005,7,32.32,226.25,S010
2023-11-23 13:02:54,C0754,P054,5,83.68,418.39,S005
2023-11-24 04:55:37,C0713,P034,3,48.35,145.04,S002
2023-11-24 10:16:18,C0844,P037,6,82.37,494.21,S010
2023-11-24 20:47:27,C0337,P041,7,12.51,87.55,S007
2023-11-25 08:52:17,C0854,P004,3,5.6,16.81,S003
2023-11-25 12:22:06,C0059,P077,4,13.33,53.34,S002
2023-11-26 01:08:51,C0107,P014,2,68.44,136.87,S004
2023-11-27 00:22:15,C0281,P058,7,9.17,64.22,S005
2023-11-27 00:29:04,C0622,P030,8,60.32,482.57,S002
2023-11-27 06:18:41,C0890,P007,3,49.4,148.21,S008
2023-11-27 10:35:11,C0192,P062,1,23.59,23.59,S003
2023-11-27 12:18:40,C0245,P086,9,64.18,577.58,S002
2023-11-27 18:33:42,C0973,P064,6,8.56,51.36,S007
2023-11-27 23:53:41,C0072,P083,6,1.71,10.26,S002
2023-11-28 00:30:45,C0860,P018,9,28.58,257.21,S004
2023-11-28 03:54:07,C0832,P063,4,29.12,116.47,S010
2023-11-30 01:07:02,C0262,P060,8,40.98,327.85,S001
2023-12-01 04:43:40,C0020,P086,5,61.21,306.03,S009
2023-12-01 11:09:40,C0231,P070,1,23.0,23.0,S008
2023-12-01 11:40:10,C0994,P028,9,28.15,253.39,S003
2023-12-01 13:11:45,C0821,P008,5,11.35,56.74,S007
2023-12-02 00:54:40,C0354,P013,3,30.28,90.85,S008
2023-12-02 09:49:27,C0833,P073,6,1.11,6.63,S002
2023-12-02 13:59:50,C0334,P054,3,60.53,181.6,S001
2023-12-02 21:12:41,C0888,P063,8,24.15,193.23,S005
2023-12-02 23:59:18,C0133,P100,7,32.87,230.09,S010
2023-12-03 03:15:31,C0513,P100,4,48.19,192.77,S009
2023-12-03 11:51:45,C0782,P050,7,30.0,209.98,S006
2023-12-03 19:25:04,C0651,P004,2,21.66,43.32,S003
2023-12-03 20:05:52,C0902,P070,9,24.47,220.26,S010
2023-12-05 06:22:48,C0543,P079,5,33.55,167.74,S006
2023-12-05 16:31:57,C0367,P046,3,59.96,179.88,S009
2023-12-05 17:24:37,C0361,P056,8,32.65,261.18,S008
2023-12-05 21:02:16,C0722,P073,6,66.92,401.54,S001
2023-12-05 21:14:26,C0787,P001,5,62.55,312.75,S006
2023-12-06 04:32:50,C0731,P064,9,1.4,12.59,S008
2023-12-06 11:45:37,C0708,P056,9,37.8,340.17,S006
2023-12-06 20:57:31,C0379,P096,5,53.24,266.2,S001
2023-12-06 23:52:59,C0482,P020,7,17.88,125.15,S007
2023-12-07 07:20:38,C0314,P080,1,44.93,44.93,S002
2023-12-07 16:30:06,C0144,P080,8,8.15,65.2,S003
2023-12-08 00:54:34,C0266,P067,2,97.16,194.33,S002
2023-12-08 01:32:22,C0045,P002,4,88.43,353.72,S001
2023-12-08 03:45:23,C0891,P056,3,4.37,13.1,S002
2023-12-08 06:26:13,C0787,P065,6,3.81,22.83,S007
2023-12-08 18:49:41,C0948,P056,3,65.22,195.67,S008
2023-12-08 22:07:54,C0815,P008,4,12.3,49.19,S005
2023-12-09 07:46:39,C0045,P016,9,62.6,563.43,S003
2023-12-09 11:04:53,C0968,P089,5,2.18,10.89,S005
2023-12-09 21:03:42,C0964,P085,3,25.83,77.49,S003
2023-12-10 04:50:15,C0334,P052,3,43.02,129.06,S008
2023-12-11 01:23:10,C0264,P061,3,24.88,74.63,S010
2023-12-11 18:02:50,C0376,P037,2,25.75,51.51,S009
2023-12-11 22:11:58,C0305,P091,2,91.42,182.83,S002
2023-12-12 02:04:57,C0926,P052,5,24.17,120.85,S004
2023-12-12 22:50:05,C0258,P050,9,76.2,685.81,S008
2023-12-13 01:26:52,C0760,P057,1,2.23,2.23,S010
2023-12-13 05:49:10,C0445,P074,8,17.63,141.0,S003
2023-12-13 10:12:13,C0315,P024,7,23.7,165.91,S001
2023-12-13 17:29:48,C0606,P043,7,13.05,91.34,S001
2023-12-14 02:21:46,C0480,P098,2,98.25,196.49,S003
2023-12-14 06:58:03,C0179,P047,8,21.98,175.87,S008
2023-12-14 11:16:13,C0610,P021,8,63.93,511.46,S007
2023-12-14 15:05:41,C0145,P035,4,36.1,144.42,S010
2023-12-15 02:10:15,C0946,P067,2,44.84,89.67,S009
2023-12-15 09:01:18,C0097,P033,6,17.35,104.07,S001
2023-12-15 11:30:16,C0029,P015,4,29.23,116.91,S005
2023-12-15 11:49:47,C0559,P093,3,27.85,83.55,S001
2023-12-15 14:46:51,C0023,P010,5,89.28,446.42,S010
2023-12-15 17:15:43,C0817,P098,7,93.17,652.18,S008
2023-12-16 00:17:07,C0900,P010,9,4.56,41.03,S003
2023-12-16 09:43:20,C0116,P078,3,88.78,266.33,S010
2023-12-16 21:10:48,C0760,P094,4,9.89,39.55,S003
2023-12-17 17:56:39,C0675,P051,6,30.11,180.67,S003
2023-12-17 18:37:42,C0195,P073,3,98.28,294.85,S009
2023-12-17 19:38:35,C0810,P075,7,71.24,498.65,S005
2023-12-17 23:35:13,C0029,P062,5,91.3,456.52,S006
2023-12-19 00:30:09,C0387,P019,3,81.1,243.29,S001
2023-12-19 21:35:54,C0497,P052,4,75.59,302.35,S001
2023-12-20 14:45:13,C0148,P001,4,18.79,75.14,S007
2023-12-20 14:58:43,C0146,P041,1,4.23,4.23,S005
2023-12-20 16:02:25,C0670,P046,3,83.6,250.81,S004
2023-12-20 19:23:45,C0639,P003,7,83.9,587.31,S003
2023-12-20 20:09:10,C0993,P039,8,91.95,735.57,S008
2023-12-20 21:00:18,C0716,P041,5,61.27,306.36,S010
2023-12-21 13:04:30,C0209,P019,4,27.78,111.11,S009
2023-12-21 19:59:59,C0444,P032,6,32.22,193.31,S003
2023-12-22 07:01:57,C0669,P095,3,78.34,235.03,S008
2023-12-22 09:24:12,C0306,P072,1,33.83,33.83,S009
2023-12-22 11:10:49,C0642,P064,3,95.83,287.48,S002
2023-12-22 22:42:14,C0413,P052,3,44.57,133.71,S003
2023-12-23 06:31:09,C0124,P069,6,56.39,338.34,S004
2023-12-23 09:52:25,C0658,P075,6,67.9,407.42,S008
2023-12-23 12:48:24,C0405,P026,9,37.21,334.87,S003
2023-12-23 21:29:47,C0346,P081,1,97.44,97.44,S008
2023-12-24 00:31:48,C0765,P061,4,80.06,320.23,S002
2023-12-24 02:39:49,C0850,P001,5,17.29,86.44,S002
2023-12-24 05:42:01,C0206,P043,8,87.3,698.4,S009
2023-12-24 10:44:30,C0672,P016,9,59.19,532.73,S001
2023-12-25 02:24:16,C0829,P083,4,20.25,80.99,S009
2023-12-25 10:02:55,C0630,P077,8,74.4,595.2,S005
2023-12-25 11:03:14,C0575,P044,8,31.58,252.6,S001
2023-12-26 00:16:19,C0293,P008,7,58.03,406.18,S004
2023-12-26 08:56:25,C0927,P042,6,99.47,596.85,S009
2023-12-26 13:18:11,C0824,P010,8,9.72,77.77,S007
2023-12-27 14:01:15,C0058,P057,8,24.25,193.99,S002
2023-12-27 17:04:49,C0025,P033,5,33.79,168.95,S001
2023-12-28 04:17:36,C0587,P071,4,55.58,222.31,S002
2023-12-29 00:42:09,C0266,P097,5,80.11,400.55,S001
2023-12-29 05:11:39,C0163,P068,2,13.36,26.72,S001
2023-12-29 06:43:18,C0729,P022,1,57.59,57.59,S002
2023-12-29 10:27:48,C0580,P096,8,61.31,490.45,S005
2023-12-30 01:17:48,C0404,P079,5,70.66,353.3,S003
2023-12-30 18:23:48,C0333,P043,3,93.51,280.52,S004
2023-12-30 19:39:45,C0259,P040,6,37.0,222.01,S008
2023-12-31 04:15:16,C0682,P086,1,22.37,22.37,S003
2023-12-31 07:40:20,C0337,P027,5,92.95,464.76,S003
